[
  {
    "id": "486efe82-9be8-4a9c-a0d6-ddc1d43afada",
    "data": [
      {
        "text": "ดูรายชื่อหุ้น",
        "userDefined": false
      }
    ],
    "isTemplate": false,
    "count": 0,
    "lang": "th",
    "updated": 0
  },
  {
    "id": "44c6d067-b7a8-4d88-8b2f-b13a96e01b96",
    "data": [
      {
        "text": "รายการของฉัน",
        "userDefined": false
      }
    ],
    "isTemplate": false,
    "count": 0,
    "lang": "th",
    "updated": 0
  }
]