[
  {
    "id": "4514cdee-b008-41e2-adfe-aa77f25820bd",
    "data": [
      {
        "text": "AOT",
        "meta": "@Stocklist",
        "alias": "Stocklist",
        "userDefined": false
      }
    ],
    "isTemplate": false,
    "count": 0,
    "lang": "th",
    "updated": 0
  },
  {
    "id": "69e7a590-c1f1-4218-886b-9db4c0b08340",
    "data": [
      {
        "text": "PTT",
        "meta": "@Stocklist",
        "alias": "Stocklist",
        "userDefined": false
      },
      {
        "text": " ",
        "userDefined": false
      },
      {
        "text": "103.25",
        "meta": "@sys.number",
        "alias": "price",
        "userDefined": false
      }
    ],
    "isTemplate": false,
    "count": 0,
    "lang": "th",
    "updated": 0
  },
  {
    "id": "4a7cf6d0-6ac0-4cd2-8058-8fec3f2ae6fc",
    "data": [
      {
        "text": "SCB",
        "meta": "@Stocklist",
        "alias": "Stocklist",
        "userDefined": false
      },
      {
        "text": " ",
        "userDefined": false
      },
      {
        "text": "45.5",
        "meta": "@sys.number",
        "alias": "price",
        "userDefined": false
      }
    ],
    "isTemplate": false,
    "count": 0,
    "lang": "th",
    "updated": 0
  },
  {
    "id": "b0453f78-1bf9-4eb7-bf9d-e22ea9296707",
    "data": [
      {
        "text": "KTB",
        "meta": "@Stocklist",
        "alias": "Stocklist",
        "userDefined": false
      }
    ],
    "isTemplate": false,
    "count": 0,
    "lang": "th",
    "updated": 0
  }
]