[
  {
    "id": "da57e4a2-ac2a-46ed-98bb-dff67e2c97ed",
    "data": [
      {
        "text": "ตั้งค่าแจ้งเตือนประจำวัน",
        "userDefined": false
      }
    ],
    "isTemplate": false,
    "count": 0,
    "lang": "th",
    "updated": 0
  },
  {
    "id": "3b2f5da3-5e4e-4ab1-ad7d-bcd1ea81c42a",
    "data": [
      {
        "text": "ตั้งค่าReport",
        "userDefined": false
      }
    ],
    "isTemplate": false,
    "count": 0,
    "lang": "th",
    "updated": 0
  }
]