[
  {
    "id": "834cca23-cfa8-4e42-bac0-b41728afbd33",
    "data": [
      {
        "text": "ฉันไม่เห็นด้วย",
        "userDefined": true
      }
    ],
    "isTemplate": false,
    "count": 0,
    "lang": "th",
    "updated": 0
  },
  {
    "id": "62dc32ba-b756-4837-9cea-e520699239b7",
    "data": [
      {
        "text": "ไม่สนใจ",
        "userDefined": true
      }
    ],
    "isTemplate": false,
    "count": 0,
    "lang": "th",
    "updated": 0
  },
  {
    "id": "d3f25d59-1df7-418b-9c66-9da50196c132",
    "data": [
      {
        "text": "ไม่",
        "userDefined": true
      }
    ],
    "isTemplate": false,
    "count": 0,
    "lang": "th",
    "updated": 0
  },
  {
    "id": "870e50a8-2560-4391-92d7-320c90952932",
    "data": [
      {
        "text": "ฉันไม่อยากทำ",
        "userDefined": true
      }
    ],
    "isTemplate": false,
    "count": 0,
    "lang": "th",
    "updated": 0
  },
  {
    "id": "ea13c591-5dfd-4d6e-9fee-639052ac17d9",
    "data": [
      {
        "text": "ไม่เอานะ",
        "userDefined": true
      }
    ],
    "isTemplate": false,
    "count": 1,
    "lang": "th",
    "updated": 0
  },
  {
    "id": "0fce85f4-aee2-4f7c-b33e-cfaf7183587e",
    "data": [
      {
        "text": "ไม่ทำนะ",
        "userDefined": true
      }
    ],
    "isTemplate": false,
    "count": 0,
    "lang": "th",
    "updated": 0
  },
  {
    "id": "d8168c15-971b-4e72-962e-6d324f403776",
    "data": [
      {
        "text": "ไม่ล่ะ ขอบคุณ",
        "userDefined": true
      }
    ],
    "isTemplate": false,
    "count": 0,
    "lang": "th",
    "updated": 0
  },
  {
    "id": "8061a693-f734-4af1-bd7b-ef27d3e141be",
    "data": [
      {
        "text": "ไม่เอา",
        "userDefined": true
      }
    ],
    "isTemplate": false,
    "count": 0,
    "lang": "th",
    "updated": 0
  }
]