[
  {
    "id": "689ca086-6cca-4f3f-8326-dd9bcdea4f92",
    "data": [
      {
        "text": "ลบหุ้น",
        "userDefined": false
      }
    ],
    "isTemplate": false,
    "count": 0,
    "lang": "th",
    "updated": 0
  },
  {
    "id": "8c9bf822-cd0a-41b9-8486-224ed812dcf3",
    "data": [
      {
        "text": "KTB",
        "meta": "@Stocklist",
        "alias": "Stocklist",
        "userDefined": false
      }
    ],
    "isTemplate": false,
    "count": 0,
    "lang": "th",
    "updated": 0
  },
  {
    "id": "cbb01383-7287-4822-aad8-5f6ef4fdc588",
    "data": [
      {
        "text": "SCB",
        "meta": "@Stocklist",
        "alias": "Stocklist",
        "userDefined": false
      }
    ],
    "isTemplate": false,
    "count": 0,
    "lang": "th",
    "updated": 0
  },
  {
    "id": "cee88f4b-13c5-400a-b861-d9a4a5bb3809",
    "data": [
      {
        "text": "AOT",
        "meta": "@Stocklist",
        "alias": "Stocklist",
        "userDefined": false
      }
    ],
    "isTemplate": false,
    "count": 0,
    "lang": "th",
    "updated": 0
  },
  {
    "id": "350c9ecd-9bcf-4f8f-9530-d0faf7dac30c",
    "data": [
      {
        "text": "KTC",
        "meta": "@Stocklist",
        "alias": "Stocklist",
        "userDefined": false
      }
    ],
    "isTemplate": false,
    "count": 0,
    "lang": "th",
    "updated": 0
  }
]