[
  {
    "id": "7ae1c7a5-051e-408b-9377-03875414f0cf",
    "data": [
      {
        "text": "เพิ่มรายการ",
        "userDefined": false
      }
    ],
    "isTemplate": false,
    "count": 0,
    "lang": "th",
    "updated": 0
  },
  {
    "id": "aa1ffb21-a82e-413f-8708-2820f9e0d3e9",
    "data": [
      {
        "text": "เพิ่มหุ้น",
        "userDefined": false
      }
    ],
    "isTemplate": false,
    "count": 0,
    "lang": "th",
    "updated": 0
  }
]