[
  {
    "id": "b78723e0-cfaf-45e8-9a1a-063308ce3fac",
    "data": [
      {
        "text": "เมนู",
        "userDefined": false
      }
    ],
    "isTemplate": false,
    "count": 2,
    "lang": "th",
    "updated": 0
  },
  {
    "id": "388d663e-91f9-472d-b19a-7692aedbf1db",
    "data": [
      {
        "text": "menu",
        "userDefined": false
      }
    ],
    "isTemplate": false,
    "count": 1,
    "lang": "th",
    "updated": 0
  },
  {
    "id": "84d5c72a-2acf-444d-aae8-4c8704561985",
    "data": [
      {
        "text": "ทำไรได้บ้าง",
        "userDefined": false
      }
    ],
    "isTemplate": false,
    "count": 0,
    "lang": "th",
    "updated": 0
  },
  {
    "id": "30bd5262-b90e-427e-9f8f-11e101d73ace",
    "data": [
      {
        "text": "ทำอะไรได้บ้าง",
        "userDefined": false
      }
    ],
    "isTemplate": false,
    "count": 0,
    "lang": "th",
    "updated": 0
  }
]