[
  {
    "id": "a7ac22be-c690-472f-87b3-b1def3aaa8f3",
    "data": [
      {
        "text": "ดูหุ้น",
        "userDefined": false
      }
    ],
    "isTemplate": false,
    "count": 1,
    "lang": "th",
    "updated": 0
  },
  {
    "id": "3a26f002-1d29-49b6-968b-220ad4d9ab5a",
    "data": [
      {
        "text": "ดูหุ้น ",
        "userDefined": false
      },
      {
        "text": "PTT",
        "meta": "@Stocklist",
        "alias": "stock_name",
        "userDefined": false
      }
    ],
    "isTemplate": false,
    "count": 1,
    "lang": "th",
    "updated": 0
  },
  {
    "id": "2810668f-164f-4f3a-8274-cc5efff4f13b",
    "data": [
      {
        "text": "ดูหุ้น",
        "userDefined": false
      },
      {
        "text": "PTT",
        "meta": "@Stocklist",
        "alias": "stock_name",
        "userDefined": false
      }
    ],
    "isTemplate": false,
    "count": 2,
    "lang": "th",
    "updated": 0
  },
  {
    "id": "4b595a99-f2b0-4382-b437-8587041897c8",
    "data": [
      {
        "text": "ดูหุ้น",
        "userDefined": false
      },
      {
        "text": "SCB",
        "meta": "@Stocklist",
        "alias": "stock_name",
        "userDefined": false
      }
    ],
    "isTemplate": false,
    "count": 1,
    "lang": "th",
    "updated": 0
  },
  {
    "id": "5025bb1d-b6d9-46b4-a8a9-b662256c789d",
    "data": [
      {
        "text": "ดู ",
        "userDefined": false
      },
      {
        "text": "nflx",
        "meta": "@Stocklist",
        "alias": "stock_name",
        "userDefined": true
      }
    ],
    "isTemplate": false,
    "count": 0,
    "lang": "th",
    "updated": 0
  },
  {
    "id": "40d0c4d6-b7d5-4652-9f61-7cb7271a6f31",
    "data": [
      {
        "text": "ดูราคา ",
        "userDefined": false
      },
      {
        "text": "MMM",
        "meta": "@Stocklist",
        "alias": "stock_name",
        "userDefined": true
      }
    ],
    "isTemplate": false,
    "count": 0,
    "lang": "th",
    "updated": 0
  },
  {
    "id": "08fadfb7-a6f5-4266-b933-65c1cae68a58",
    "data": [
      {
        "text": "หุ้น ",
        "userDefined": false
      },
      {
        "text": "NFLX",
        "meta": "@Stocklist",
        "alias": "stock_name",
        "userDefined": true
      }
    ],
    "isTemplate": false,
    "count": 0,
    "lang": "th",
    "updated": 0
  },
  {
    "id": "4f9313c8-c1ea-4947-8268-d2d19b3d41e2",
    "data": [
      {
        "text": "ราคา ",
        "userDefined": false
      },
      {
        "text": "CPN",
        "meta": "@Stocklist",
        "alias": "stock_name",
        "userDefined": true
      }
    ],
    "isTemplate": false,
    "count": 0,
    "lang": "th",
    "updated": 0
  },
  {
    "id": "60bd5550-c30a-4554-8dcd-e9cd6318c0a2",
    "data": [
      {
        "text": "ราคา ",
        "userDefined": false
      },
      {
        "text": "ptt",
        "meta": "@Stocklist",
        "alias": "stock_name",
        "userDefined": true
      }
    ],
    "isTemplate": false,
    "count": 0,
    "lang": "th",
    "updated": 0
  }
]