[
  {
    "id": "2a6c7848-5f74-4540-97f2-f7429aba23d0",
    "data": [
      {
        "text": "PTT",
        "meta": "@Stocklist",
        "alias": "Stocklist",
        "userDefined": false
      }
    ],
    "isTemplate": false,
    "count": 0,
    "lang": "th",
    "updated": 0
  },
  {
    "id": "f32a4698-b4c2-42e2-bd1b-4e93186e6e9d",
    "data": [
      {
        "text": "SCB",
        "meta": "@Stocklist",
        "alias": "Stocklist",
        "userDefined": false
      }
    ],
    "isTemplate": false,
    "count": 0,
    "lang": "th",
    "updated": 0
  },
  {
    "id": "4c4d4e56-0456-4d8d-801e-9c73d373aa0b",
    "data": [
      {
        "text": "BBL",
        "meta": "@Stocklist",
        "alias": "Stocklist",
        "userDefined": false
      }
    ],
    "isTemplate": false,
    "count": 0,
    "lang": "th",
    "updated": 0
  },
  {
    "id": "af8e2f77-98b4-49ea-b60f-5fd2d8af69ee",
    "data": [
      {
        "text": "KTC",
        "meta": "@Stocklist",
        "alias": "Stocklist",
        "userDefined": false
      }
    ],
    "isTemplate": false,
    "count": 0,
    "lang": "th",
    "updated": 0
  }
]