[
  {
    "id": "f54ac646-955c-4767-8659-d1c6a272bf0e",
    "data": [
      {
        "text": "เธอคือใคร",
        "userDefined": false
      }
    ],
    "isTemplate": false,
    "count": 0,
    "lang": "th",
    "updated": 0
  },
  {
    "id": "eb9f9199-74b0-49aa-8b15-515d2f2b1998",
    "data": [
      {
        "text": "ใคร",
        "userDefined": false
      }
    ],
    "isTemplate": false,
    "count": 0,
    "lang": "th",
    "updated": 0
  },
  {
    "id": "7aa95eed-b9f6-4e0a-a603-3e15d20e5999",
    "data": [
      {
        "text": "ใครอ่ะ",
        "userDefined": false
      }
    ],
    "isTemplate": false,
    "count": 0,
    "lang": "th",
    "updated": 0
  },
  {
    "id": "38b25d8a-3350-4c0e-8274-f2586381d44a",
    "data": [
      {
        "text": "เธอเป็นใคร",
        "userDefined": false
      }
    ],
    "isTemplate": false,
    "count": 0,
    "lang": "th",
    "updated": 0
  }
]