[
  {
    "id": "b4c77076-b642-4001-8cc7-97ea85439dbe",
    "data": [
      {
        "text": "สวัสดี",
        "userDefined": false
      }
    ],
    "isTemplate": false,
    "count": 2,
    "lang": "th",
    "updated": 0
  },
  {
    "id": "8c773889-4d69-4ced-af7c-cfe7ce3e6d0a",
    "data": [
      {
        "text": "Hello",
        "userDefined": false
      }
    ],
    "isTemplate": false,
    "count": 0,
    "lang": "th",
    "updated": 0
  },
  {
    "id": "eb3efab1-3f8e-4fd1-8b9d-e03685d1e0a2",
    "data": [
      {
        "text": "สวัดดี",
        "userDefined": false
      }
    ],
    "isTemplate": false,
    "count": 0,
    "lang": "th",
    "updated": 0
  },
  {
    "id": "f6fa3fa5-f1a5-4c9f-bd68-2bb37bcc8fa0",
    "data": [
      {
        "text": "หวัดดี",
        "userDefined": false
      }
    ],
    "isTemplate": false,
    "count": 0,
    "lang": "th",
    "updated": 0
  }
]