[
  {
    "id": "1321bf72-f0f1-48d8-8df1-221af9d6d067",
    "data": [
      {
        "text": "ฉันเป็นไข้",
        "userDefined": false
      }
    ],
    "isTemplate": false,
    "count": 0,
    "lang": "th",
    "updated": 0
  },
  {
    "id": "7c5858cb-0526-4f6b-836d-69983d6bd7f7",
    "data": [
      {
        "text": "ฉันปวดหัว",
        "userDefined": false
      }
    ],
    "isTemplate": false,
    "count": 0,
    "lang": "th",
    "updated": 0
  },
  {
    "id": "c282ad41-881c-43a8-8747-39121371560c",
    "data": [
      {
        "text": "ฉันไม่สบาย",
        "userDefined": false
      }
    ],
    "isTemplate": false,
    "count": 0,
    "lang": "th",
    "updated": 0
  },
  {
    "id": "91c4be03-5956-4ce1-9430-5a953cf7dcf2",
    "data": [
      {
        "text": "ฉันป่วย",
        "userDefined": false
      }
    ],
    "isTemplate": false,
    "count": 0,
    "lang": "th",
    "updated": 0
  }
]