[
  {
    "id": "6c9e9801-f43d-4fe6-865c-5b0e9d061b8a",
    "data": [
      {
        "text": "ไม่ใช่",
        "userDefined": false
      }
    ],
    "isTemplate": false,
    "count": 0,
    "lang": "th",
    "updated": 0
  },
  {
    "id": "bf13e5a1-d627-42bd-aeb4-cf1dbbf1ff99",
    "data": [
      {
        "text": "ฉันไม่เห็นด้วย",
        "userDefined": false
      }
    ],
    "isTemplate": false,
    "count": 0,
    "lang": "th",
    "updated": 0
  },
  {
    "id": "813ca4c7-f507-4b33-8580-690b8dc3359b",
    "data": [
      {
        "text": "ไม่สนใจ",
        "userDefined": false
      }
    ],
    "isTemplate": false,
    "count": 0,
    "lang": "th",
    "updated": 0
  },
  {
    "id": "f2eaf836-032a-4859-8e72-0437b0f5ed13",
    "data": [
      {
        "text": "ไม่",
        "userDefined": false
      }
    ],
    "isTemplate": false,
    "count": 0,
    "lang": "th",
    "updated": 0
  },
  {
    "id": "fd542b6e-f237-4269-82c5-a2511e4e090e",
    "data": [
      {
        "text": "ฉันไม่อยากทำ",
        "userDefined": false
      }
    ],
    "isTemplate": false,
    "count": 0,
    "lang": "th",
    "updated": 0
  },
  {
    "id": "b0b528d5-7fc7-4110-b055-5deeb815565e",
    "data": [
      {
        "text": "ไม่เอานะ",
        "userDefined": false
      }
    ],
    "isTemplate": false,
    "count": 1,
    "lang": "th",
    "updated": 0
  },
  {
    "id": "4d0b64da-2588-4e64-b216-32bec1a802a4",
    "data": [
      {
        "text": "ไม่ทำนะ",
        "userDefined": false
      }
    ],
    "isTemplate": false,
    "count": 0,
    "lang": "th",
    "updated": 0
  },
  {
    "id": "ab18271a-5796-44a3-a898-06e293f4229f",
    "data": [
      {
        "text": "ไม่ล่ะ ขอบคุณ",
        "userDefined": false
      }
    ],
    "isTemplate": false,
    "count": 0,
    "lang": "th",
    "updated": 0
  },
  {
    "id": "21f7e54f-043f-4cab-98ef-d5fb9a2d03a2",
    "data": [
      {
        "text": "ไม่เอา",
        "userDefined": true
      }
    ],
    "isTemplate": false,
    "count": 0,
    "lang": "th",
    "updated": 0
  }
]