[
  {
    "id": "887e0b32-4700-4f5e-bb88-5b1e3c4afb00",
    "data": [
      {
        "text": "สบายดีไหม",
        "meta": "@How_are_you",
        "alias": "How_are_you",
        "userDefined": false
      }
    ],
    "isTemplate": false,
    "count": 2,
    "lang": "th",
    "updated": 0
  },
  {
    "id": "30cf8cdc-066e-466d-a6c2-3ae7e912a395",
    "data": [
      {
        "text": "How",
        "userDefined": false
      }
    ],
    "isTemplate": false,
    "count": 0,
    "lang": "th",
    "updated": 0
  },
  {
    "id": "380e8a73-a672-40c2-ba44-5a0e8abd72b0",
    "data": [
      {
        "text": "สบายดีรึป่าว",
        "userDefined": false
      }
    ],
    "isTemplate": false,
    "count": 0,
    "lang": "th",
    "updated": 0
  },
  {
    "id": "d52d4bac-186c-4d54-add9-274a05967240",
    "data": [
      {
        "text": "เป็นไงบ้าง",
        "meta": "@How_are_you",
        "alias": "How_are_you",
        "userDefined": false
      }
    ],
    "isTemplate": false,
    "count": 0,
    "lang": "th",
    "updated": 0
  },
  {
    "id": "9882d1f6-2610-4f48-81be-95a4cd11e432",
    "data": [
      {
        "text": "สมศรี",
        "userDefined": false
      },
      {
        "text": "เป็นไงบ้าง",
        "meta": "@How_are_you",
        "alias": "How_are_you",
        "userDefined": false
      }
    ],
    "isTemplate": false,
    "count": 0,
    "lang": "th",
    "updated": 0
  }
]