[
  {
    "id": "09b3a215-7bed-4b61-84f9-046219f8da4c",
    "data": [
      {
        "text": "สบายดี",
        "userDefined": false
      }
    ],
    "isTemplate": false,
    "count": 0,
    "lang": "th",
    "updated": 0
  },
  {
    "id": "b9529ba1-d185-4ee1-8385-d5c14798824b",
    "data": [
      {
        "text": "ฉันสุขภาพดี",
        "userDefined": false
      }
    ],
    "isTemplate": false,
    "count": 0,
    "lang": "th",
    "updated": 0
  },
  {
    "id": "b71c96df-5973-4b4e-8175-e97b90287d93",
    "data": [
      {
        "text": "ฉันแข็งแรงดี",
        "userDefined": false
      }
    ],
    "isTemplate": false,
    "count": 0,
    "lang": "th",
    "updated": 0
  },
  {
    "id": "80e943e7-c933-44b2-9dc1-edb450c3845a",
    "data": [
      {
        "text": "ฉันสบายดี",
        "userDefined": false
      }
    ],
    "isTemplate": false,
    "count": 0,
    "lang": "th",
    "updated": 0
  }
]