[
  {
    "id": "1f1c9a71-392e-4fbc-b2fd-1bc979b4992c",
    "data": [
      {
        "text": "TU",
        "meta": "@Stocklist",
        "alias": "Stocklist",
        "userDefined": false
      }
    ],
    "isTemplate": false,
    "count": 0,
    "lang": "th",
    "updated": 0
  },
  {
    "id": "08fc003f-f8b8-42f8-836a-6f30a344dd1c",
    "data": [
      {
        "text": "AOT",
        "meta": "@Stocklist",
        "alias": "Stocklist",
        "userDefined": false
      }
    ],
    "isTemplate": false,
    "count": 0,
    "lang": "th",
    "updated": 0
  },
  {
    "id": "5cfd7e47-fd06-44ad-8527-46af6cc7fd31",
    "data": [
      {
        "text": "SCB",
        "meta": "@Stocklist",
        "alias": "Stocklist",
        "userDefined": false
      }
    ],
    "isTemplate": false,
    "count": 0,
    "lang": "th",
    "updated": 0
  },
  {
    "id": "4ae40c54-2c91-4e4b-9ece-64f40806ab2b",
    "data": [
      {
        "text": "KTB",
        "meta": "@Stocklist",
        "alias": "Stocklist",
        "userDefined": false
      }
    ],
    "isTemplate": false,
    "count": 0,
    "lang": "th",
    "updated": 0
  },
  {
    "id": "ae1658ea-2f11-4fa3-84a6-55174e8ab3a2",
    "data": [
      {
        "text": "KTC",
        "meta": "@Stocklist",
        "alias": "Stocklist",
        "userDefined": false
      }
    ],
    "isTemplate": false,
    "count": 0,
    "lang": "th",
    "updated": 0
  }
]