[
  {
    "id": "1c68430d-782e-4f1d-b5f3-16428f5bb71a",
    "data": [
      {
        "text": "ดูหุ้นยังไง",
        "userDefined": false
      }
    ],
    "isTemplate": false,
    "count": 0,
    "lang": "th",
    "updated": 0
  },
  {
    "id": "c42b3a0a-24e9-4ae4-8519-4fcad56977d1",
    "data": [
      {
        "text": "วิธีดูหุ้น",
        "userDefined": false
      }
    ],
    "isTemplate": false,
    "count": 0,
    "lang": "th",
    "updated": 0
  },
  {
    "id": "4b7f1006-1fde-4637-8839-8e725a105f9b",
    "data": [
      {
        "text": "วิธีใช้งาน",
        "userDefined": false
      }
    ],
    "isTemplate": false,
    "count": 0,
    "lang": "th",
    "updated": 0
  },
  {
    "id": "f6728728-7a1a-4565-95bc-c4db83c8f7b4",
    "data": [
      {
        "text": "วิธีใช้",
        "userDefined": false
      }
    ],
    "isTemplate": false,
    "count": 0,
    "lang": "th",
    "updated": 0
  },
  {
    "id": "b6f986cf-8661-4bad-84c0-5d5641467e82",
    "data": [
      {
        "text": "command",
        "userDefined": false
      }
    ],
    "isTemplate": false,
    "count": 0,
    "lang": "th",
    "updated": 0
  },
  {
    "id": "6ced0c6d-3943-41f9-a7e3-4481d20bc297",
    "data": [
      {
        "text": "คำสั่ง",
        "userDefined": false
      }
    ],
    "isTemplate": false,
    "count": 0,
    "lang": "th",
    "updated": 0
  },
  {
    "id": "6b667ec7-d53d-4c24-a751-594bb4b4cdf6",
    "data": [
      {
        "text": "ขอคำสั่ง",
        "userDefined": false
      }
    ],
    "isTemplate": false,
    "count": 0,
    "lang": "th",
    "updated": 0
  },
  {
    "id": "32617909-481f-4881-8010-5a6e986c5e26",
    "data": [
      {
        "text": "คำสั่งทั้งหมด",
        "userDefined": false
      }
    ],
    "isTemplate": false,
    "count": 0,
    "lang": "th",
    "updated": 0
  },
  {
    "id": "476b08f4-2a1f-43fe-8941-a9f396495799",
    "data": [
      {
        "text": "ขอความช่วยเหลือ",
        "userDefined": false
      }
    ],
    "isTemplate": false,
    "count": 0,
    "lang": "th",
    "updated": 0
  },
  {
    "id": "20f20b8d-9aa5-483a-9eaa-fab359b51110",
    "data": [
      {
        "text": "ขอเมนู",
        "userDefined": false
      }
    ],
    "isTemplate": false,
    "count": 0,
    "lang": "th",
    "updated": 0
  },
  {
    "id": "e00c3b2c-3776-4175-8161-f94c789e04dc",
    "data": [
      {
        "text": "help",
        "userDefined": false
      }
    ],
    "isTemplate": false,
    "count": 0,
    "lang": "th",
    "updated": 0
  },
  {
    "id": "e51dd985-9c51-4668-9c7a-1a60020d3c75",
    "data": [
      {
        "text": "ใช้ยังไง",
        "userDefined": false
      }
    ],
    "isTemplate": false,
    "count": 0,
    "lang": "th",
    "updated": 0
  },
  {
    "id": "053987d9-3560-4179-8319-46557e4c4bf6",
    "data": [
      {
        "text": "ใช้อย่างไร",
        "userDefined": false
      }
    ],
    "isTemplate": false,
    "count": 0,
    "lang": "th",
    "updated": 0
  },
  {
    "id": "d04774c6-8e19-4f43-becf-4be1eef3a727",
    "data": [
      {
        "text": "เล่นยังไง",
        "userDefined": false
      }
    ],
    "isTemplate": false,
    "count": 0,
    "lang": "th",
    "updated": 0
  },
  {
    "id": "c8370601-4c4e-469d-8c2f-8ab95a0c7157",
    "data": [
      {
        "text": "ขอดูเมนูหน่อย",
        "userDefined": false
      }
    ],
    "isTemplate": false,
    "count": 0,
    "lang": "th",
    "updated": 0
  },
  {
    "id": "4a96d5d5-b28d-409f-b872-6014108d3203",
    "data": [
      {
        "text": "ขอเมนูหน่อย",
        "userDefined": false
      }
    ],
    "isTemplate": false,
    "count": 0,
    "lang": "th",
    "updated": 0
  },
  {
    "id": "3a543715-02b9-4385-8fa3-f82c160847db",
    "data": [
      {
        "text": "ช่วยเหลือ",
        "userDefined": false
      }
    ],
    "isTemplate": false,
    "count": 0,
    "lang": "th",
    "updated": 0
  }
]