[
  {
    "value": "Hello",
    "synonyms": [
      "Hello",
      "Hey",
      "Hi"
    ]
  },
  {
    "value": "ทักทาย",
    "synonyms": [
      "ทักครับ",
      "ทักค่ะ",
      "ทักทาย"
    ]
  },
  {
    "value": "สวัสดี",
    "synonyms": [
      "ดีจ้า",
      "ทักทาย",
      "ว่าไง",
      "สวัสดี",
      "สวัสดีครับ",
      "สวัสดีค่ะ"
    ]
  }
]