[
  {
    "value": "ADVANC",
    "synonyms": [
      "ADVANC",
      "AIS",
      "แอดวานซ์ อินโฟร์ เซอร์วิส"
    ]
  },
  {
    "value": "AOT",
    "synonyms": [
      "AOT",
      "ทอท.",
      "ท่าอากาศยานไทย"
    ]
  },
  {
    "value": "BANPU",
    "synonyms": [
      "BANPU",
      "บ้านปู"
    ]
  },
  {
    "value": "BBL",
    "synonyms": [
      "BANGKOK BANK PUBLIC COMPANY",
      "BBL",
      "ธนาคารกรุงเทพ"
    ]
  },
  {
    "value": "BDMS",
    "synonyms": [
      "BDMS",
      "กรุงเทพดุสิตเวชการ"
    ]
  },
  {
    "value": "BEAUTY",
    "synonyms": [
      "BEAUTY",
      "Beauty Community",
      "บิวตี้ คอมมูนิตี้"
    ]
  },
  {
    "value": "BEM",
    "synonyms": [
      "BEM",
      "ทางด่วนและรถไฟฟ้ากรุงเทพ"
    ]
  },
  {
    "value": "BGRIM",
    "synonyms": [
      "BGRIM",
      "บี.กริม เพาเวอร์"
    ]
  },
  {
    "value": "BH",
    "synonyms": [
      "BH",
      "โรงพยาบาลบำรุงราษฎร์"
    ]
  },
  {
    "value": "BJC",
    "synonyms": [
      "BJC",
      "เบอร์ลี่ ยุคเกอร์"
    ]
  },
  {
    "value": "BPP",
    "synonyms": [
      "BPP",
      "บ้านปู เพาเวอร์"
    ]
  },
  {
    "value": "BTS",
    "synonyms": [
      "BTS",
      "BTS GROUP HOLDINGS PUBLIC",
      "บีทีเอส กรุ๊ป โฮลดิ้งส์"
    ]
  },
  {
    "value": "CBG",
    "synonyms": [
      "CBG",
      "Carabao Group",
      "คาราบาวกรุ๊ป"
    ]
  },
  {
    "value": "CENTEL",
    "synonyms": [
      "CENTEL",
      "โรงแรมเซ็นทรัลพลาซา"
    ]
  },
  {
    "value": "CPALL",
    "synonyms": [
      "CP",
      "CPALL",
      "ซีพี ออลล์"
    ]
  },
  {
    "value": "CPF",
    "synonyms": [
      "CPF",
      "เจริญโภคภัณฑ์อาหาร"
    ]
  },
  {
    "value": "CPN",
    "synonyms": [
      "CPN",
      "เซ็นทรัลพัฒนา"
    ]
  },
  {
    "value": "DELTA",
    "synonyms": [
      "DELTA",
      "เดลต้า อีเลคโทรนิคส์"
    ]
  },
  {
    "value": "DTAC",
    "synonyms": [
      "DTAC",
      "ดีแท็ค",
      "โทเทิ่ล แอ็คเซ็ส คอมมูนิเคชั่น"
    ]
  },
  {
    "value": "EA",
    "synonyms": [
      "EA",
      "พลังงานบริสุทธิ์"
    ]
  },
  {
    "value": "EGCO",
    "synonyms": [
      "EGCO",
      "Electricity Generating",
      "ผลิตไฟฟ้า"
    ]
  },
  {
    "value": "GLOBAL",
    "synonyms": [
      "GLOBAL",
      "สยามโกลบอลเฮ้าส์"
    ]
  },
  {
    "value": "GLOW",
    "synonyms": [
      "GLOW",
      "โกลว์ พลังงาน"
    ]
  },
  {
    "value": "GPSC",
    "synonyms": [
      "GPSC",
      "โกลบอล เพาเวอร์ ซินเนอร์ยี่"
    ]
  },
  {
    "value": "HMPRO",
    "synonyms": [
      "HMPRO",
      "โฮม โปรดักส์ เซ็นเตอร์"
    ]
  },
  {
    "value": "INTUCH",
    "synonyms": [
      "INTUCH",
      "อินทัช โฮลดิ้งส์"
    ]
  },
  {
    "value": "IRPC",
    "synonyms": [
      "IRPC",
      "ไออาร์พีซี"
    ]
  },
  {
    "value": "IVL",
    "synonyms": [
      "IVL",
      "อินโดรามา เวนเจอร์ส"
    ]
  },
  {
    "value": "KBANK",
    "synonyms": [
      "KBANK",
      "ธนาคารกสิกรไทย"
    ]
  },
  {
    "value": "KKP",
    "synonyms": [
      "KKP",
      "ธนาคารเกียรตินาคิน"
    ]
  },
  {
    "value": "KTB",
    "synonyms": [
      "KTB",
      "ธนาคารกรุงไทย"
    ]
  },
  {
    "value": "KTC",
    "synonyms": [
      "KTC",
      "บัตรกรุงไทย"
    ]
  },
  {
    "value": "LH",
    "synonyms": [
      "LH",
      "บริษัทแลนด์แอนด์เฮ้าส์"
    ]
  },
  {
    "value": "MINT",
    "synonyms": [
      "MINT",
      "ไมเนอร์ อินเตอร์เนชั่นแนล"
    ]
  },
  {
    "value": "MTC",
    "synonyms": [
      "MTC",
      "เมืองไทย แคปปิตอล"
    ]
  },
  {
    "value": "PTT",
    "synonyms": [
      "PTT",
      "ปตท",
      "ปตท."
    ]
  },
  {
    "value": "PTTEP",
    "synonyms": [
      "PTTEP",
      "ปตท. สำรวจและผลิตปิโตรเลียม"
    ]
  },
  {
    "value": "PTTGC",
    "synonyms": [
      "PTTGC",
      "พีทีที โกลบอล เคมิคอล"
    ]
  },
  {
    "value": "RATCH",
    "synonyms": [
      "RATCH",
      "ผลิตไฟฟ้าราชบุรีโฮลดิ้ง"
    ]
  },
  {
    "value": "ROBINS",
    "synonyms": [
      "ROBINS",
      "โรบินสัน"
    ]
  },
  {
    "value": "SCB",
    "synonyms": [
      "SCB",
      "ธนาคารไทยพาณิชย์"
    ]
  },
  {
    "value": "SCC",
    "synonyms": [
      "SCC",
      "ปูนซิเมนต์ไทย"
    ]
  },
  {
    "value": "SPRC",
    "synonyms": [
      "SPRC",
      "สตาร์ ปิโตรเลียม รีไฟน์นิ่ง"
    ]
  },
  {
    "value": "TCAP",
    "synonyms": [
      "TCAP",
      "ทุนธนชาต"
    ]
  },
  {
    "value": "TISCO",
    "synonyms": [
      "TISCO",
      "ทิสโก้ไฟแนนเชียลกรุ๊ป"
    ]
  },
  {
    "value": "TMB",
    "synonyms": [
      "TMB",
      "ธนาคารทหารไทย"
    ]
  },
  {
    "value": "TOA",
    "synonyms": [
      "TOA",
      "ทีโอเอ เพ้นท์"
    ]
  },
  {
    "value": "TOP",
    "synonyms": [
      "TOP",
      "ไทยออยล์"
    ]
  },
  {
    "value": "TRUE",
    "synonyms": [
      "TRUE",
      "ทรู คอร์ปอเรชั่น"
    ]
  },
  {
    "value": "TU",
    "synonyms": [
      "TU",
      "ไทยยูเนี่ยน กรุ๊ป"
    ]
  }
]